Bright spot, x , y, L, D, Theta, sin(theta), avg_intensity 
#1,211.0,109.0,22.799141036451353,,=0.5 * ATAN(D2/E2),=SIN(F2),0.5827317794863434,
#2,114.0,194.0,21.601493281715502,,=0.5 * ATAN(D3/E3),=SIN(F3),0.566180750296837,
#3,55.0,238.0,23.450149338543667,,=0.5 * ATAN(D4/E4),=SIN(F4),0.5703190500884533,
#4,26.0,125.0,12.256835480661394,,=0.5 * ATAN(D5/E5),=SIN(F5),0.605030625314601,
#5,32.0,220.0,21.34224880372263,,=0.5 * ATAN(D6/E6),=SIN(F6),0.5653203760032699,
#6,65.0,85.0,10.272448588335694,,=0.5 * ATAN(D7/E7),=SIN(F7),0.6135302318226898,
#7,90.0,221.0,22.90782084791131,,=0.5 * ATAN(D8/E8),=SIN(F8),0.5812239056607584,
#8,209.0,94.0,21.999924363506345,,=0.5 * ATAN(D9/E9),=SIN(F9),0.587779086764888,
#9,226.0,54.0,22.306731540053107,,=0.5 * ATAN(D10/E10),=SIN(F10),0.6140405138138105,
